Nomor,Perguruan Tinggi,Program Studi,Strata,Wilayah,No. SK,Lembaga Akreditasi,Peringkat,Tanggal Kedaluwarsa,Status Kedaluwarsa
1,Universitas Islam Negeri Sayyid Ali Rahmatullah Tulungagung,Pariwisata Syariah,S1,PTAN,6744/SK/BAN-PT/Ak/S/VI/2026,BAN-PT,Baik Sekali,2031-06-09,Masih berlaku
2,Universitas Islam Negeri Sayyid Ali Rahmatullah Tulungagung,Hukum Keluarga Islam,S2,PTAN,6488/SK/BAN-PT/Ak/M/V/2026,BAN-PT,Unggul,2031-05-05,Masih berlaku
3,Universitas Islam Negeri Sayyid Ali Rahmatullah Tulungagung,Tasawuf Psikoterapi,S1,PTAN,6262/SK/BAN-PT/Ak/S/III/2026,BAN-PT,Unggul,2031-03-31,Masih berlaku
4,Universitas Islam Negeri Sayyid Ali Rahmatullah Tulungagung,Manajemen Dakwah,S1,PTAN,420/SK/BAN-PT/Ak/S/III/2026,BAN-PT,Unggul,2031-03-10,Masih berlaku
5,Universitas Islam Negeri Sayyid Ali Rahmatullah Tulungagung,Ilmu Al-Qur`an Dan Tafsir,S2,PTAN,317/SK/BAN-PT/Ak/M/III/2026,BAN-PT,Baik Sekali,2031-03-03,Masih berlaku
6,Universitas Islam Negeri Sayyid Ali Rahmatullah Tulungagung,Ilmu Al-Qur`an Dan Tafsir,S1,PTAN,255/SK/BAN-PT/Ak/S/II/2026,BAN-PT,Unggul,2031-02-24,Masih berlaku
7,Universitas Islam Negeri Sayyid Ali Rahmatullah Tulungagung,Tadris Kimia,S1,PTAN,60/SK/LAMDIK/Ak/S/I/2026,LAMDIK,Baik Sekali,2031-01-20,Masih berlaku
8,Universitas Islam Negeri Sayyid Ali Rahmatullah Tulungagung,Aqidah Dan Filsafat Islam,S1,PTAN,10731/SK/BAN-PT/Ak-PPJ/S/IX/2025,BAN-PT,B,2025-09-13,Masih berlaku
9,Universitas Islam Negeri Sayyid Ali Rahmatullah Tulungagung,Sosiologi Agama,S1,PTAN,10740/SK/BAN-PT/Ak-PPJ/S/IX/2025,BAN-PT,B,2025-09-13,Masih berlaku
10,Universitas Islam Negeri Sayyid Ali Rahmatullah Tulungagung,Komunikasi Dan Penyiaran Islam,S1,PTAN,10741/SK/BAN-PT/Ak-PPJ/S/IX/2025,BAN-PT,B,2025-09-13,Masih berlaku
11,Universitas Islam Negeri Sayyid Ali Rahmatullah Tulungagung,Bahasa Dan Sastra Arab,S1,PTAN,10733/SK/BAN-PT/Ak-PPJ/S/IX/2025,BAN-PT,B,2025-09-13,Masih berlaku
12,Universitas Islam Negeri Sayyid Ali Rahmatullah Tulungagung,Manajemen Keuangan Syariah,S1,PTAN,793/DE/A.5/AR.10/X/2025,LAMEMBA,Baik Sekali,2030-10-24,Masih berlaku
13,Universitas Islam Negeri Sayyid Ali Rahmatullah Tulungagung,Tadris Fisika,S1,PTAN,998/SK/LAMDIK/Ak/S/X/2025,LAMDIK,Unggul,2030-10-22,Masih berlaku
14,Universitas Islam Negeri Sayyid Ali Rahmatullah Tulungagung,Hukum Ekonomi Syariah (Muamalah),S2,PTAN,9933/SK/BAN-PT/Ak-PPJ/M/VIII/2025,BAN-PT,B,2025-08-11,Masih berlaku
15,Universitas Islam Negeri Sayyid Ali Rahmatullah Tulungagung,Pendidikan Agama Islam,S3,PTAN,8954/SK/BAN-PT/Ak-PPJ/S3/VII/2025,BAN-PT,B,2025-07-02,Masih berlaku
16,Universitas Islam Negeri Sayyid Ali Rahmatullah Tulungagung,Hukum Keluarga Islam (Ahwal Syakhshiyyah),S3,PTAN,8955/SK/BAN-PT/Ak-PPJ/S3/VII/2025,BAN-PT,B,2025-07-02,Masih berlaku
17,Universitas Islam Negeri Sayyid Ali Rahmatullah Tulungagung,Hukum Keluarga Islam (Ahwal Syakhshiyyah),S1,PTAN,741/SK/BAN-PT/Ak/S/V/2025,BAN-PT,Unggul,2030-05-20,Masih berlaku
18,Universitas Islam Negeri Sayyid Ali Rahmatullah Tulungagung,Manajemen Bisnis Syariah,S1,PTAN,255/DE/A.5/AR.10/IV/2025,LAMEMBA,Unggul,2030-04-25,Masih berlaku
19,Universitas Islam Negeri Sayyid Ali Rahmatullah Tulungagung,Pendidikan Profesi Guru,Profesi,PTAN,349/SK/LAMDIK/Ak/P/III/2025,LAMDIK,Unggul,2030-03-25,Masih berlaku
20,Universitas Islam Negeri Sayyid Ali Rahmatullah Tulungagung,Pendidikan Bahasa Arab,S2,PTAN,280/SK/LAMDIK/Ak/M/III/2025,LAMDIK,Baik Sekali,2030-03-12,Masih berlaku
21,Universitas Islam Negeri Sayyid Ali Rahmatullah Tulungagung,Pendidikan Guru Madrasah Ibtidaiyah,S2,PTAN,194/SK/LAMDIK/Ak/M/II/2025,LAMDIK,Baik Sekali,2030-02-18,Masih berlaku
22,Universitas Islam Negeri Sayyid Ali Rahmatullah Tulungagung,Tadris Bahasa Indonesia,S1,PTAN,1273/SK/LAMDIK/Ak/S/XII/2024,LAMDIK,Unggul,2029-12-30,Masih berlaku
23,Universitas Islam Negeri Sayyid Ali Rahmatullah Tulungagung,Manajemen Pendidikan Islam,S2,PTAN,1270/SK/LAMDIK/Ak/M/XII/2024,LAMDIK,Unggul,2029-12-30,Masih berlaku
24,Universitas Islam Negeri Sayyid Ali Rahmatullah Tulungagung,Pendidikan Bahasa Arab,S1,PTAN,1175/SK/LAMDIK/Ak/S/XI/2024,LAMDIK,Unggul,2029-11-26,Masih berlaku
25,Universitas Islam Negeri Sayyid Ali Rahmatullah Tulungagung,Ekonomi Syariah,S2,PTAN,856/DE/A.5/AR.10/XI/2024,LAMEMBA,Baik Sekali,2029-11-18,Masih berlaku
26,Universitas Islam Negeri Sayyid Ali Rahmatullah Tulungagung,Manajemen Pendidikan Islam,S3,PTAN,1015/SK/LAMDIK/Ak/S3/X/2024,LAMDIK,Baik Sekali,2029-10-22,Masih berlaku
27,Universitas Islam Negeri Sayyid Ali Rahmatullah Tulungagung,Tadris Bahasa Inggris,S1,PTAN,895/SK/LAMDIK/Ak/S/IX/2024,LAMDIK,Unggul,2029-09-17,Masih berlaku
28,Universitas Islam Negeri Sayyid Ali Rahmatullah Tulungagung,Pendidikan Agama Islam,S2,PTAN,745/SK/LAMDIK/Ak/M/VIII/2024,LAMDIK,Unggul,2029-08-06,Masih berlaku
29,Universitas Islam Negeri Sayyid Ali Rahmatullah Tulungagung,Pendidikan Islam Anak Usia Dini,S1,PTAN,576/SK/LAMDIK/Ak/S/V/2024,LAMDIK,Baik Sekali,2029-05-28,Masih berlaku
30,Universitas Islam Negeri Sayyid Ali Rahmatullah Tulungagung,Studi Agama-Agama,S1,PTAN,2530/SK/BAN-PT/Ak.P/S/IV/2024,BAN-PT,Baik Sekali,2029-04-24,Masih berlaku
31,Universitas Islam Negeri Sayyid Ali Rahmatullah Tulungagung,Pendidikan Agama Islam,S1,PTAN,344/SK/LAMDIK/Ak/S/III/2024,LAMDIK,Unggul,2029-03-20,Masih berlaku
32,Universitas Islam Negeri Sayyid Ali Rahmatullah Tulungagung,Pendidikan Guru Madrasah Ibtidaiyah,S1,PTAN,293/SK/LAMDIK/Ak/S/III/2024,LAMDIK,Unggul,2029-03-06,Masih berlaku
33,Universitas Islam Negeri Sayyid Ali Rahmatullah Tulungagung,Hukum Tata Negara,S1,PTAN,1088/SK/BAN-PT/Ak/S/II/2024,BAN-PT,Unggul,2029-02-27,Masih berlaku
34,Universitas Islam Negeri Sayyid Ali Rahmatullah Tulungagung,Hukum Ekonomi Syariah (Muamalah),S1,PTAN,998/SK/BAN-PT/Ak/S/II/2024,BAN-PT,Unggul,2029-02-20,Masih berlaku
35,Universitas Islam Negeri Sayyid Ali Rahmatullah Tulungagung,Manajemen Pendidikan Islam,S1,PTAN,194/SK/LAMDIK/Ak/S/II/2024,LAMDIK,Unggul,2029-02-13,Masih berlaku
36,Universitas Islam Negeri Sayyid Ali Rahmatullah Tulungagung,Psikologi Islam,S1,PTAN,659/SK/BAN-PT/Ak/S/I/2024,BAN-PT,Baik Sekali,2029-01-30,Masih berlaku
37,Universitas Islam Negeri Sayyid Ali Rahmatullah Tulungagung,Ilmu Perpustakaan Dan Informasi Islam,S1,PTAN,16/SK/BAN-PT/Ak/S/I/2024,BAN-PT,Baik Sekali,2029-01-09,Masih berlaku
38,Universitas Islam Negeri Sayyid Ali Rahmatullah Tulungagung,Akuntansi Syariah,S1,PTAN,895/DE/A.5/AR.10/XII/2023,LAMEMBA,Unggul,2028-12-22,Masih berlaku
39,Universitas Islam Negeri Sayyid Ali Rahmatullah Tulungagung,Tadris Matematika,S2,PTAN,1144/SK/LAMDIK/Ak/M/XII/2023,LAMDIK,Baik Sekali,2028-12-14,Masih berlaku
40,Universitas Islam Negeri Sayyid Ali Rahmatullah Tulungagung,Bahasa Dan Sastra Arab,S2,PTAN,5127/SK/BAN-PT/Ak/M/XII/2023,BAN-PT,Baik Sekali,2028-12-12,Masih berlaku
41,Universitas Islam Negeri Sayyid Ali Rahmatullah Tulungagung,Ekonomi Syariah,S1,PTAN,828/DE/A.5/AR.10/XI/2023,LAMEMBA,Unggul,2028-11-24,Masih berlaku
42,Universitas Islam Negeri Sayyid Ali Rahmatullah Tulungagung,Tadris Bahasa IPS,S1,PTAN,969/SK/LAMDIK/Ak/S/X/2023,LAMDIK,Unggul,2028-10-24,Masih berlaku
43,Universitas Islam Negeri Sayyid Ali Rahmatullah Tulungagung,Perbankan Syariah,S1,PTAN,742/DE/A.5/AR.10/X/2023,LAMEMBA,Unggul,2028-10-20,Masih berlaku
44,Universitas Islam Negeri Sayyid Ali Rahmatullah Tulungagung,Tadris Matematika,S1,PTAN,879/SK/LAMDIK/Ak/S/IX/2023,LAMDIK,Unggul,2028-10-09,Masih berlaku
45,Universitas Islam Negeri Sayyid Ali Rahmatullah Tulungagung,Tadris Biologi,S1,PTAN,961/SK/LAMDIK/Ak/S/IX/2023,LAMDIK,Baik Sekali,2028-09-26,Masih berlaku
46,Universitas Islam Negeri Sayyid Ali Rahmatullah Tulungagung,Tadris Bahasa Inggris,S2,PTAN,876/SK/LAMDIK/Ak/M/IX/2023,LAMDIK,Baik Sekali,2028-09-05,Masih berlaku
47,Universitas Islam Negeri Sayyid Ali Rahmatullah Tulungagung,Studi Islam,S2,PTAN,2918/SK/BAN-PT/Ak/M/VII/2023,BAN-PT,Baik Sekali,2028-07-25,Masih berlaku
48,Universitas Islam Negeri Sayyid Ali Rahmatullah Tulungagung,Manajemen Zakat Dan Wakaf,S1,PTAN,457/DE/A.5/AR.10/VI/2023,LAMEMBA,Baik Sekali,2028-06-12,Masih berlaku
49,Universitas Islam Negeri Sayyid Ali Rahmatullah Tulungagung,Manajemen Bisnis Syariah,S2,PTAN,001/DE/A.5/AR.10/III/2023,LAMEMBA,Baik Sekali,2028-03-24,Masih berlaku
50,Universitas Islam Negeri Sayyid Ali Rahmatullah Tulungagung,Informatika,S1,PTAN,1639/SK/BAN-PT/Ak/S/III/2023,BAN-PT,Baik,2028-03-07,Masih berlaku
51,Universitas Islam Negeri Sayyid Ali Rahmatullah Tulungagung,Sains Data,S1,PTAN,-,-,-,-,Belum ada data BAN-PT / Prodi Baru
52,Universitas Islam Negeri Sayyid Ali Rahmatullah Tulungagung,Kewirausahaan,S1,PTAN,-,-,-,-,Belum ada data BAN-PT / Prodi Baru
53,Universitas Islam Negeri Sayyid Ali Rahmatullah Tulungagung,Bisnis Digital,S1,PTAN,-,-,-,-,Belum ada data BAN-PT / Prodi Baru
